{"cameraMode":{"drawMode":0,"name":"Shaded","section":"Shading Mode"},"sceneLighting":true,"audioPlay":false,"sceneViewState":{"m_AlwaysRefresh":false,"showFog":true,"showSkybox":true,"showFlares":true,"showImageEffects":true,"showParticleSystems":true,"showVisualEffectGraphs":true,"m_FxEnabled":true},"in2DMode":false,"pivot":{"x":12.660538673400879,"y":-3432.589599609375,"z":39.66848373413086},"rotation":{"x":-0.023230768740177156,"y":-0.9106252193450928,"z":-0.051677290350198749,"w":0.4093080759048462},"size":0.3202659487724304,"orthographic":false}