{"cameraMode":{"drawMode":0,"name":"Shaded","section":"Shading Mode"},"sceneLighting":true,"audioPlay":false,"sceneViewState":{"m_AlwaysRefresh":false,"showFog":true,"showSkybox":true,"showFlares":true,"showImageEffects":true,"showParticleSystems":true,"showVisualEffectGraphs":true,"m_FxEnabled":true},"in2DMode":false,"pivot":{"x":3.8465890884399416,"y":19.900144577026368,"z":-35.2680549621582},"rotation":{"x":0.3424304723739624,"y":0.038617853075265887,"z":-0.014106563292443753,"w":0.9386438131332398},"size":15.498245239257813,"orthographic":false}