{"cameraMode":{"drawMode":0,"name":"Shaded","section":"Shading Mode"},"sceneLighting":true,"audioPlay":false,"sceneViewState":{"m_AlwaysRefresh":false,"showFog":true,"showSkybox":true,"showFlares":true,"showImageEffects":true,"showParticleSystems":true,"showVisualEffectGraphs":true,"m_FxEnabled":true},"in2DMode":false,"pivot":{"x":0.40737688541412356,"y":20.80545425415039,"z":-34.46649169921875},"rotation":{"x":0.3270963132381439,"y":-0.020674841478466989,"z":0.007140129338949919,"w":0.9447385668754578},"size":19.31363296508789,"orthographic":false}