{"cameraMode":{"drawMode":0,"name":"Shaded","section":"Shading Mode"},"sceneLighting":false,"audioPlay":false,"sceneViewState":{"m_AlwaysRefresh":false,"showFog":true,"showSkybox":false,"showFlares":true,"showImageEffects":true,"showParticleSystems":true,"showVisualEffectGraphs":true,"m_FxEnabled":true},"in2DMode":false,"pivot":{"x":-1.0490394830703736,"y":2.276796340942383,"z":4.206328868865967},"rotation":{"x":0.058262649923563007,"y":0.9183015823364258,"z":-0.14755219221115113,"w":0.36271223425865176},"size":2.8939592838287355,"orthographic":false}