{"cameraMode":{"drawMode":0,"name":"Shaded","section":"Shading Mode"},"sceneLighting":false,"audioPlay":false,"sceneViewState":{"m_AlwaysRefresh":false,"showFog":true,"showSkybox":false,"showFlares":true,"showImageEffects":true,"showParticleSystems":true,"showVisualEffectGraphs":true,"m_FxEnabled":true},"in2DMode":false,"pivot":{"x":1045.53759765625,"y":713.6470947265625,"z":1200.8135986328125},"rotation":{"x":-0.098528191447258,"y":0.0006235087057575583,"z":0.00004404898209031671,"w":0.9951256513595581},"size":1101.45361328125,"orthographic":false}