{"cameraMode":{"drawMode":0,"name":"Shaded","section":"Shading Mode"},"sceneLighting":false,"audioPlay":false,"sceneViewState":{"m_AlwaysRefresh":false,"showFog":true,"showSkybox":false,"showFlares":true,"showImageEffects":true,"showParticleSystems":true,"showVisualEffectGraphs":true,"m_FxEnabled":true},"in2DMode":false,"pivot":{"x":282.0305480957031,"y":148.4891815185547,"z":-26.95359992980957},"rotation":{"x":-0.025180716067552568,"y":-0.020366700366139413,"z":-0.0005307703395374119,"w":0.9994672536849976},"size":140.25599670410157,"orthographic":false}