{"cameraMode":{"drawMode":0,"name":"Shaded","section":"Shading Mode"},"sceneLighting":false,"audioPlay":false,"sceneViewState":{"m_AlwaysRefresh":false,"showFog":true,"showSkybox":false,"showFlares":true,"showImageEffects":true,"showParticleSystems":true,"showVisualEffectGraphs":true,"m_FxEnabled":true},"in2DMode":false,"pivot":{"x":316.0823669433594,"y":80.44962310791016,"z":154.30935668945313},"rotation":{"x":-0.028181377798318864,"y":-0.015867603942751886,"z":-0.00046507056686095893,"w":0.9994688630104065},"size":276.2679443359375,"orthographic":false}