{"cameraMode":{"drawMode":0,"name":"Shaded","section":"Shading Mode"},"sceneLighting":false,"audioPlay":false,"sceneViewState":{"m_AlwaysRefresh":false,"showFog":true,"showSkybox":false,"showFlares":true,"showImageEffects":true,"showParticleSystems":true,"showVisualEffectGraphs":true,"m_FxEnabled":true},"in2DMode":false,"pivot":{"x":12.669963836669922,"y":1.2938742637634278,"z":13.844667434692383},"rotation":{"x":0.29968884587287905,"y":0.05064735189080238,"z":-0.015952391549944879,"w":0.9525576233863831},"size":7.606084823608398,"orthographic":false}