{"cameraMode":{"drawMode":0,"name":"Shaded","section":"Shading Mode"},"sceneLighting":true,"audioPlay":false,"sceneViewState":{"m_AlwaysRefresh":false,"showFog":true,"showSkybox":false,"showFlares":true,"showImageEffects":true,"showParticleSystems":true,"showVisualEffectGraphs":true,"m_FxEnabled":true},"in2DMode":false,"pivot":{"x":4.673976421356201,"y":0.15000009536743165,"z":7.213418960571289},"rotation":{"x":0.20139871537685395,"y":0.013218949548900128,"z":-0.0027222540229558946,"w":0.9793941378593445},"size":14.373282432556153,"orthographic":false}