{"cameraMode":{"drawMode":0,"name":"Shaded","section":"Shading Mode"},"sceneLighting":false,"audioPlay":false,"sceneViewState":{"m_AlwaysRefresh":false,"showFog":true,"showSkybox":false,"showFlares":true,"showImageEffects":true,"showParticleSystems":true,"showVisualEffectGraphs":true,"m_FxEnabled":true},"in2DMode":false,"pivot":{"x":-15.413064956665039,"y":1.2486629486083985,"z":14.429683685302735},"rotation":{"x":0.29968884587287905,"y":0.05064735189080238,"z":-0.015952391549944879,"w":0.9525576233863831},"size":8.240133285522461,"orthographic":false}