{"cameraMode":{"drawMode":0,"name":"Shaded","section":"Shading Mode"},"sceneLighting":false,"audioPlay":false,"sceneViewState":{"m_AlwaysRefresh":false,"showFog":true,"showSkybox":false,"showFlares":true,"showImageEffects":true,"showParticleSystems":true,"showVisualEffectGraphs":true,"m_FxEnabled":true},"in2DMode":false,"pivot":{"x":1.836604356765747,"y":10.759330749511719,"z":2.869218587875366},"rotation":{"x":-0.020700611174106599,"y":-0.8099464178085327,"z":0.5853634476661682,"w":-0.02869209088385105},"size":0.8660253882408142,"orthographic":false}