{"cameraMode":{"drawMode":0,"name":"Shaded","section":"Shading Mode"},"sceneLighting":true,"audioPlay":false,"sceneViewState":{"m_AlwaysRefresh":false,"showFog":true,"showSkybox":false,"showFlares":true,"showImageEffects":true,"showParticleSystems":true,"showVisualEffectGraphs":true,"m_FxEnabled":true},"in2DMode":false,"pivot":{"x":0.006793677806854248,"y":-2.714228630065918,"z":8.48586368560791},"rotation":{"x":0.20139871537685395,"y":0.013218949548900128,"z":-0.0027222540229558946,"w":0.9793941378593445},"size":8.66025447845459,"orthographic":false}