{"cameraMode":{"drawMode":0,"name":"Shaded","section":"Shading Mode"},"sceneLighting":false,"audioPlay":false,"sceneViewState":{"m_AlwaysRefresh":false,"showFog":true,"showSkybox":false,"showFlares":true,"showImageEffects":true,"showParticleSystems":true,"showVisualEffectGraphs":true,"m_FxEnabled":true},"in2DMode":false,"pivot":{"x":-0.01925945281982422,"y":2.2297890186309816,"z":-1.4492862224578858},"rotation":{"x":0.19898159801959992,"y":0.6342325806617737,"z":-0.17370741069316865,"w":0.7266093492507935},"size":3.3254218101501467,"orthographic":false}