{"cameraMode":{"drawMode":0,"name":"Shaded","section":"Shading Mode"},"sceneLighting":false,"audioPlay":false,"sceneViewState":{"m_AlwaysRefresh":false,"showFog":true,"showSkybox":false,"showFlares":true,"showImageEffects":true,"showParticleSystems":true,"showVisualEffectGraphs":true,"m_FxEnabled":true},"in2DMode":false,"pivot":{"x":0.027586346492171289,"y":0.026844235137104989,"z":0.04361696541309357},"rotation":{"x":-0.036560896784067157,"y":-0.9030694961547852,"z":-0.07848213613033295,"w":0.4206565022468567},"size":0.29154759645462038,"orthographic":false}