{"cameraMode":{"drawMode":0,"name":"Shaded","section":"Shading Mode"},"sceneLighting":false,"audioPlay":false,"sceneViewState":{"m_AlwaysRefresh":false,"showFog":true,"showSkybox":false,"showFlares":true,"showImageEffects":true,"showParticleSystems":true,"showVisualEffectGraphs":true,"m_FxEnabled":true},"in2DMode":false,"pivot":{"x":19.969999313354493,"y":0.030000686645507814,"z":8.39103889465332},"rotation":{"x":0.1828848123550415,"y":-0.7219452261924744,"z":0.20820485055446626,"w":0.6339629888534546},"size":0.8660253882408142,"orthographic":false}